{"CreditScore": 650.5796389167502, "Age": 38.92567703109328, "Tenure": 5.013540621865597, "Balance": 76485.46338314944, "NumOfProducts": 1.5299899699097292, "HasCrCard": 0.7054162487462388, "IsActiveMember": 0.5150451354062187, "EstimatedSalary": 100069.8759207623, "France": 0.5016048144433299, "Germany": 0.2509528585757272, "Spain": 0.24744232698094282, "Female": 0.45406218655967906, "Male": 0.545937813440321}