{"CreditScore": 96.63048109317737, "Age": 10.489952812000539, "Tenure": 2.8916087919741633, "Balance": 62397.14556607166, "NumOfProducts": 0.5816944258930493, "HasCrCard": 0.4558554208858587, "IsActiveMember": 0.49977359264031607, "EstimatedSalary": 57507.67270262837, "France": 0.49999742456396956, "Germany": 0.43356143895461713, "Spain": 0.4315259225112658, "Female": 0.4978852451080693, "Male": 0.49788524510806925}